City_ID,City,Country,Lat,Lng,Max Temp,Humidity,Cloudiness,Wind Speed,Current Description
0,Hobart,AU,-42.8794,147.3294,40.26,96,20,9.22,few clouds
1,Dezhou,CN,37.4486,116.2925,79.99,96,97,5.64,overcast clouds
2,Faanui,PF,-16.4833,-151.75,77.11,69,82,23.64,broken clouds
3,Rikitea,PF,-23.1203,-134.9692,72.34,69,100,32.14,overcast clouds
4,Kismayo,SO,-0.3582,42.5454,74.64,78,52,18.63,broken clouds
5,Madang,PG,-5.2246,145.7966,79.88,85,86,2.98,overcast clouds
6,Vila Velha,BR,-20.3297,-40.2925,75.15,81,0,16.11,clear sky
7,Mataura,NZ,-46.1927,168.8643,39.47,71,8,8.57,clear sky
8,Chokurdakh,RU,70.6333,147.9167,50.0,48,100,16.13,overcast clouds
9,Westport,US,41.1415,-73.3579,87.49,66,0,16.11,clear sky
10,Ribeira Grande,PT,38.5167,-28.7,74.41,83,26,15.61,light rain
11,Carutapera,BR,-1.195,-46.02,77.34,87,72,7.36,broken clouds
12,East London,ZA,-33.0153,27.9116,66.83,88,99,19.39,overcast clouds
13,Narsaq,GL,60.9167,-46.05,46.62,74,2,1.77,clear sky
14,Port Alfred,ZA,-33.5906,26.891,62.19,98,93,1.01,overcast clouds
15,Clyde River,CA,70.4692,-68.5914,42.17,79,82,3.44,broken clouds
16,Maragogi,BR,-9.0122,-35.2225,75.9,67,52,9.62,broken clouds
17,Codrington,AU,-38.2667,141.9667,43.11,79,4,6.49,clear sky
18,Hasaki,JP,35.7333,140.8333,84.6,83,9,13.94,clear sky
19,New Baltimore,US,42.6811,-82.7369,83.05,87,75,4.61,broken clouds
20,Ulaangom,MN,49.9811,92.0667,60.76,53,85,6.22,overcast clouds
21,Vaini,TO,-21.2,-175.2,80.76,89,20,9.22,few clouds
22,Koindu,GN,8.4386,-10.3253,69.51,99,49,4.36,scattered clouds
23,Hermanus,ZA,-34.4187,19.2345,49.8,86,43,2.55,scattered clouds
24,Yeghegnut,AM,40.0919,44.1602,77.09,66,7,4.18,clear sky
25,Inta,RU,66.0317,60.1659,67.59,61,1,12.97,clear sky
26,Albany,US,42.6001,-73.9662,87.64,69,54,7.78,broken clouds
27,Port Elizabeth,ZA,-33.918,25.5701,61.32,99,100,4.61,light intensity shower rain
28,Wageningen,NL,51.9667,5.6667,60.06,84,20,2.3,few clouds
29,Bayan,CN,46.0833,127.4,62.82,83,1,8.52,clear sky
30,Punta Arenas,CL,-53.15,-70.9167,37.51,81,20,11.5,few clouds
31,Cape Town,ZA,-33.9258,18.4232,57.11,89,30,4.0,scattered clouds
32,Sitka,US,57.0531,-135.33,57.09,82,100,6.91,moderate rain
33,Cururupu,BR,-1.8283,-44.8683,75.29,88,50,4.43,scattered clouds
34,Qaanaaq,GL,77.484,-69.3632,43.39,54,3,4.65,clear sky
35,Aksu,CN,41.1231,80.2644,77.02,43,0,3.85,clear sky
36,Mgachi,RU,51.05,142.2667,60.76,98,100,7.92,light rain
37,Saskylakh,RU,71.9167,114.0833,51.04,61,100,7.81,overcast clouds
38,Guerrero Negro,MX,27.9769,-114.0611,83.55,60,96,16.62,overcast clouds
39,Hithadhoo,MV,-0.6,73.0833,81.52,72,99,5.06,overcast clouds
40,Semey,KZ,50.4111,80.2275,55.62,62,0,0.0,clear sky
41,Hilo,US,19.7297,-155.09,89.28,73,40,11.5,scattered clouds
42,Berdigestyakh,RU,62.0989,126.6992,56.35,86,97,6.69,overcast clouds
43,Jamestown,US,42.097,-79.2353,83.84,69,0,9.22,clear sky
44,Bredasdorp,ZA,-34.5322,20.0403,55.22,91,36,3.8,scattered clouds
45,Moose Factory,CA,51.2585,-80.6094,58.96,52,2,7.0,clear sky
46,Busselton,AU,-33.65,115.3333,57.24,78,89,22.7,light rain
47,Atuona,PF,-9.8,-139.0333,77.16,68,78,17.9,broken clouds
48,Helong,CN,42.5397,128.9972,74.35,92,75,3.24,broken clouds
49,Torbay,CA,47.6666,-52.7314,70.75,88,58,18.14,broken clouds
50,Georgiyevskoye,RU,58.731,45.024,60.6,97,48,3.62,scattered clouds
51,Pingdu,CN,36.7844,119.9464,80.38,93,100,3.56,heavy intensity rain
52,Khatanga,RU,71.9667,102.5,53.28,76,78,7.63,broken clouds
53,Sao Filipe,CV,14.8961,-24.4956,79.23,85,96,5.64,overcast clouds
54,Airai,TL,-8.9266,125.4092,62.15,53,18,2.93,few clouds
55,Tuktoyaktuk,CA,69.4541,-133.0374,44.47,74,75,6.08,broken clouds
56,Flinders,AU,-34.5833,150.8552,55.18,67,22,7.0,few clouds
57,Puerto Ayora,EC,-0.7393,-90.3518,70.56,90,57,8.01,broken clouds
58,Qasigiannguit,GL,68.8193,-51.1922,44.85,93,100,1.21,overcast clouds
59,Cabo San Lucas,MX,22.8909,-109.9124,90.61,75,100,8.05,overcast clouds
60,New Norfolk,AU,-42.7826,147.0587,39.92,84,11,2.51,few clouds
61,Bluff,NZ,-46.6,168.3333,39.79,57,38,19.91,scattered clouds
62,High Level,CA,58.5169,-117.136,77.02,33,68,7.36,broken clouds
63,Iqaluit,CA,63.7506,-68.5145,43.7,87,97,5.01,overcast clouds
64,Cedar City,US,37.6775,-113.0619,89.4,18,0,9.22,clear sky
65,Leavenworth,US,39.2333,-95.0336,96.51,52,91,3.0,overcast clouds
66,Gloversville,US,43.0528,-74.3438,87.19,70,18,6.6,few clouds
67,Kapaa,US,22.0752,-159.319,83.48,76,40,10.36,scattered clouds
68,Aklavik,CA,68.2191,-135.0107,54.46,61,96,5.48,overcast clouds
69,Kudahuvadhoo,MV,2.6708,72.8944,81.79,75,95,12.28,overcast clouds
70,Vila Franca Do Campo,PT,37.7167,-25.4333,72.01,88,34,7.09,light rain
71,Lianzhou,CN,24.7811,112.3825,78.39,89,95,1.63,overcast clouds
72,Gardez,AF,33.5974,69.2259,68.04,59,3,0.74,clear sky
73,Ulundi,ZA,-28.3352,31.4162,62.58,94,81,3.89,broken clouds
74,Puerto Baquerizo Moreno,EC,-0.9,-89.6,68.22,79,69,13.6,broken clouds
75,Beringovskiy,RU,63.05,179.3167,45.25,60,43,23.53,scattered clouds
76,Thompson,CA,55.7435,-97.8558,75.81,38,62,11.03,broken clouds
77,Saint-Honore,CA,48.5334,-71.0824,64.29,68,100,7.23,overcast clouds
78,Mago,RU,53.2514,140.1822,65.75,90,100,7.56,overcast clouds
79,Vanavara,RU,60.34,102.2797,53.6,88,90,2.55,overcast clouds
80,Boyuibe,BO,-20.4167,-63.2833,64.26,73,100,3.09,overcast clouds
81,Nouadhibou,MR,20.931,-17.0347,71.76,90,54,15.35,broken clouds
82,Cervo,ES,43.6702,-7.4101,65.97,86,85,12.84,overcast clouds
83,Dikson,RU,73.5069,80.5464,42.03,100,100,9.98,light rain
84,Aswan,EG,24.0934,32.907,92.21,21,4,14.05,clear sky
85,Halifax,CA,44.6453,-63.5724,80.53,78,78,4.0,broken clouds
86,Saint George,US,37.1041,-113.5841,102.94,14,0,8.99,clear sky
87,Ndungu,TZ,-4.3667,38.05,62.15,88,62,1.72,broken clouds
88,Skjold,DK,55.7971,9.9397,55.85,90,69,7.4,broken clouds
89,Yellowknife,CA,62.456,-114.3525,63.12,67,75,3.44,broken clouds
90,Victoria,HK,22.2855,114.1577,84.38,85,76,8.01,broken clouds
91,Itarema,BR,-2.9248,-39.9167,78.13,80,33,17.02,scattered clouds
92,Loiza,PR,18.4313,-65.8802,83.07,93,40,13.8,scattered clouds
93,Avarua,CK,-21.2078,-159.775,75.25,60,20,17.27,few clouds
94,Husavik,IS,66.0449,-17.3389,52.29,95,98,3.09,moderate rain
95,Mount Gambier,AU,-37.8333,140.7667,44.29,80,32,4.29,scattered clouds
96,Polazna,RU,58.2946,56.4055,61.99,73,92,0.11,overcast clouds
97,Georgetown,MY,5.4112,100.3354,80.89,89,20,0.0,few clouds
98,Berlevag,NO,70.8578,29.0864,50.0,87,100,13.8,light rain
99,Japura,ID,-0.3167,102.35,73.35,96,40,1.83,scattered clouds
100,Palu,ID,-0.8917,119.8707,75.7,95,100,1.63,light rain
101,Redwater,US,33.3582,-94.2544,97.43,46,96,3.53,overcast clouds
102,Nelson Bay,AU,-32.7167,152.15,57.99,94,76,11.01,light rain
103,Mantenopolis,BR,-18.8625,-41.1228,70.16,55,3,6.13,clear sky
104,Komsomolskiy,UZ,40.4272,71.7189,78.35,26,10,1.68,clear sky
105,Bandarbeyla,SO,9.4942,50.8122,75.96,73,5,30.36,clear sky
106,Kalabo,ZM,-14.97,22.6814,58.05,30,0,5.08,clear sky
107,Ushuaia,AR,-54.8,-68.3,35.26,75,0,9.22,clear sky
108,Lompoc,US,34.6391,-120.4579,85.78,65,0,23.0,clear sky
109,Vila,PT,42.0304,-8.1588,62.71,84,4,0.65,clear sky
110,Yelanskiy,RU,56.8419,62.5014,63.0,88,68,1.66,broken clouds
111,Nishihara,JP,26.1842,127.7558,85.68,74,20,5.75,few clouds
112,Dunedin,NZ,-45.8742,170.5036,43.81,44,85,13.0,overcast clouds
113,Valparaiso,CL,-33.0393,-71.6273,52.48,100,0,0.0,clear sky
114,Bethel,US,41.3712,-73.414,86.09,77,75,12.66,light rain
115,Taoudenni,ML,22.6783,-3.9836,101.89,10,0,9.64,clear sky
116,Chimoio,MZ,-19.1164,33.4833,56.21,86,0,1.25,clear sky
117,Butaritari,KI,3.0707,172.7902,81.9,71,100,15.5,overcast clouds
118,Avera,US,33.194,-82.5271,85.37,53,96,1.03,overcast clouds
119,Erzin,TR,36.9559,36.2,77.25,85,79,4.47,broken clouds
120,Bengkulu,ID,-3.8004,102.2655,74.39,87,10,5.64,clear sky
121,Talnakh,RU,69.4865,88.3972,54.21,95,100,5.79,light rain
122,Kashipur,IN,29.2167,78.95,78.28,81,100,4.25,overcast clouds
123,Carnarvon,AU,-24.8667,113.6333,61.57,79,0,11.45,clear sky
124,Turukhansk,RU,65.8167,87.9833,55.0,81,99,3.33,overcast clouds
125,Makakilo City,US,21.3469,-158.0858,86.32,51,0,17.27,clear sky
126,Nikolskoye,RU,59.7035,30.7861,58.89,78,27,4.05,light rain
127,Kita,ML,13.0349,-9.4895,78.96,77,50,2.71,scattered clouds
128,Laguna,US,38.421,-121.4238,96.44,32,0,10.36,clear sky
129,Camacha,PT,33.0833,-16.3333,67.42,78,40,11.5,scattered clouds
130,Port-Cartier,CA,50.0334,-66.8654,66.74,53,96,11.59,overcast clouds
131,Hwange,ZW,-18.3693,26.5019,63.19,40,0,2.13,clear sky
132,Provideniya,RU,64.3833,-173.3,42.91,75,100,15.66,overcast clouds
133,Pali,IN,25.7667,73.3333,84.97,72,100,2.86,light rain
134,San Jose,US,37.3394,-121.895,86.09,51,20,17.27,few clouds
135,Cidreira,BR,-30.1811,-50.2056,58.75,91,100,11.45,overcast clouds
136,Asosa,ET,10.0667,34.5333,59.72,95,100,4.16,overcast clouds
137,Karasjok,NO,69.4719,25.5112,47.23,86,100,15.3,overcast clouds
138,Peace River,CA,56.2501,-117.286,74.97,47,22,13.18,few clouds
139,Mahebourg,MU,-20.4081,57.7,66.25,94,40,3.44,scattered clouds
140,Ostrovnoy,RU,68.0531,39.5131,52.34,79,100,16.55,overcast clouds
141,San Policarpo,PH,12.1791,125.5072,76.82,85,89,2.93,overcast clouds
142,Bambous Virieux,MU,-20.3428,57.7575,66.22,94,40,3.44,scattered clouds
143,Castro,BR,-24.7911,-50.0119,56.97,96,100,4.23,moderate rain
144,Kangaatsiaq,GL,68.3065,-53.4641,40.75,94,100,9.4,overcast clouds
145,Porto Belo,BR,-27.1578,-48.5531,62.55,96,100,2.44,moderate rain
146,Saint-Philippe,RE,-21.3585,55.7679,67.59,82,15,5.19,few clouds
147,Lagoa,PT,39.05,-27.9833,73.78,83,15,18.39,light rain
148,Sao Joao Da Barra,BR,-21.6403,-41.0511,72.54,90,18,14.45,few clouds
149,Ngunguru,NZ,-35.6167,174.5,58.26,79,31,7.09,scattered clouds
150,Nanortalik,GL,60.1432,-45.2371,44.42,84,15,8.48,few clouds
151,Kodiak,US,57.79,-152.4072,62.11,55,0,6.91,clear sky
152,Walvis Bay,NA,-22.9575,14.5053,52.09,84,25,9.62,scattered clouds
153,Pokhara,NP,28.2333,83.9833,71.38,85,95,3.67,overcast clouds
154,Bonavista,CA,48.6499,-53.1147,68.63,85,63,21.25,broken clouds
155,Arraial Do Cabo,BR,-22.9661,-42.0278,70.93,92,95,12.86,overcast clouds
156,Port Hueneme,US,34.1478,-119.1951,104.2,58,0,13.8,clear sky
157,Visby,SE,57.6409,18.296,62.82,63,100,9.22,overcast clouds
158,Verkhnevilyuysk,RU,63.4453,120.3167,54.57,86,86,2.51,overcast clouds
159,Ponta Delgada,PT,37.7333,-25.6667,72.32,88,75,2.3,broken clouds
160,Kaitangata,NZ,-46.2817,169.8464,42.12,57,73,12.93,broken clouds
161,Escanaba,US,45.7453,-87.0646,72.97,75,100,10.36,overcast clouds
162,Pangai,TO,-19.8,-174.35,77.68,79,54,14.7,broken clouds
163,Constitucion,CL,-35.3333,-72.4167,48.81,87,16,9.13,few clouds
164,Gazanjyk,TM,39.2446,55.5154,86.74,26,21,6.98,few clouds
165,Coquimbo,CL,-29.9533,-71.3436,56.93,71,0,6.91,clear sky
166,Honningsvag,NO,70.9821,25.9704,49.75,87,100,17.27,overcast clouds
167,Upernavik,GL,72.7868,-56.1549,42.42,82,87,7.47,overcast clouds
168,Yar-Sale,RU,66.8333,70.8333,64.58,76,0,10.02,clear sky
169,Columbus,US,39.9612,-82.9988,85.91,79,75,9.22,broken clouds
170,Puerto Rico,AR,-26.796,-55.024,60.69,96,100,1.92,overcast clouds
171,Sept-Iles,CA,50.2001,-66.3821,67.05,56,94,10.0,overcast clouds
172,Longyearbyen,SJ,78.2186,15.6401,46.24,93,75,11.5,broken clouds
173,Maun,BW,-19.9833,23.4167,63.39,32,1,0.81,clear sky
174,Barrow,US,71.2906,-156.7887,44.62,76,100,12.66,overcast clouds
175,Wamba,NG,8.9333,8.6,71.82,95,100,2.39,overcast clouds
176,Kodar,IN,16.9833,79.9667,74.3,95,100,15.28,heavy intensity rain
177,Ola,RU,59.5833,151.2833,58.6,72,72,4.94,broken clouds
178,Myitkyina,MM,25.3833,97.4,75.45,100,95,0.4,overcast clouds
179,Bereda,ES,43.2686,-7.5406,64.58,100,68,6.64,broken clouds
180,Assiniboia,CA,49.6334,-105.9845,84.02,20,30,8.05,scattered clouds
181,Ponta Do Sol,PT,32.6667,-17.1,71.71,83,1,2.77,clear sky
182,Mantua,IT,45.1667,10.7833,78.04,84,56,1.99,broken clouds
183,Redlands,US,34.0556,-117.1825,105.31,19,53,7.0,broken clouds
184,Cockburn Town,TC,21.4612,-71.1419,84.16,74,75,13.8,broken clouds
185,Henties Bay,NA,-22.116,14.2845,55.26,90,49,8.81,scattered clouds
186,Prince Rupert,CA,54.3161,-130.3201,60.89,74,20,11.5,few clouds
187,Malazgirt,TR,39.1427,42.5401,66.2,49,0,3.38,clear sky
188,North Auburn,US,38.9313,-121.0819,96.04,29,0,5.75,clear sky
189,Tuatapere,NZ,-46.1333,167.6833,39.38,72,24,11.77,few clouds
190,Karratha,AU,-20.7377,116.8463,63.12,41,0,6.82,clear sky
191,Khandbari,NP,27.3747,87.2039,72.86,88,47,2.89,scattered clouds
192,Mar Del Plata,AR,-38.0023,-57.5575,46.09,83,75,8.05,broken clouds
193,Fortuna,US,40.5982,-124.1573,71.92,73,75,12.66,broken clouds
194,Santa Isabel Do Rio Negro,BR,-0.4139,-65.0192,78.76,80,69,1.36,broken clouds
195,Adrar,MR,20.5022,-10.0711,100.0,18,69,1.99,broken clouds
196,Bilibino,RU,68.0546,166.4372,45.36,52,11,4.0,few clouds
197,Raisen,IN,23.3333,77.8,76.59,91,100,5.21,light rain
198,Matina,CR,10.0761,-83.2895,82.27,92,95,4.41,overcast clouds
199,Egvekinot,RU,66.3167,-179.1667,39.16,40,54,13.53,broken clouds
200,Manturovo,RU,58.3353,44.7619,61.3,96,53,2.48,broken clouds
201,Ixtapa,MX,20.7,-105.2,87.03,66,100,9.22,overcast clouds
202,Severo-Kurilsk,RU,50.6789,156.125,58.51,87,21,5.19,few clouds
203,Faya,SA,18.3851,42.4509,66.31,71,49,3.85,scattered clouds
204,Castelo Do Piaui,BR,-5.3222,-41.5525,81.97,35,18,7.49,few clouds
205,Yumen,CN,40.2833,97.2,70.54,49,89,6.96,overcast clouds
206,Bathsheba,BB,13.2167,-59.5167,81.21,93,20,16.11,few clouds
207,Sao Miguel Do Araguaia,BR,-13.275,-50.1628,88.43,25,96,5.55,overcast clouds
208,Versalles,FR,48.8,2.1333,68.95,46,0,11.5,clear sky
209,Caluquembe,AO,-13.7833,14.6833,60.06,23,0,2.15,clear sky
210,Agadez,NE,19.75,10.25,95.05,16,98,3.06,overcast clouds
211,Three Hills,CA,51.7001,-113.2686,84.27,32,0,5.75,clear sky
212,Lebu,CL,-37.6167,-73.65,46.51,85,100,8.55,overcast clouds
213,Nome,US,64.5011,-165.4064,48.27,81,100,3.44,overcast clouds
214,Rio Grande,BR,-32.035,-52.0986,57.31,84,100,14.54,overcast clouds
215,Hami,CN,42.8,93.45,82.26,26,23,10.6,few clouds
216,Hambantota,LK,6.1241,81.1185,77.81,82,96,17.98,overcast clouds
217,Dhidhdhoo,MV,6.8833,73.1,80.15,84,100,17.9,overcast clouds
218,Haines Junction,CA,60.7522,-137.5108,64.35,45,90,9.22,overcast clouds
219,Uige,AO,-7.6087,15.0613,65.53,65,5,2.04,clear sky
220,Dingle,PH,10.9995,122.6711,75.52,91,99,3.53,overcast clouds
221,La Palma,US,33.8464,-118.0467,105.96,44,75,10.36,broken clouds
222,Pacific Grove,US,36.6177,-121.9166,78.03,73,0,10.36,clear sky
223,Grindavik,IS,63.8424,-22.4338,50.47,93,75,14.97,broken clouds
224,Porto Novo,BJ,6.4965,2.6036,76.82,85,29,8.93,scattered clouds
225,Akranes,IS,64.3218,-22.0749,50.56,85,80,19.57,broken clouds
226,San Carlos De Bariloche,AR,-41.1456,-71.3082,31.89,98,100,3.15,snow
227,Falun,SE,60.6036,15.626,52.21,67,100,2.08,overcast clouds
228,Los Andes,CL,-32.8337,-70.5983,46.0,66,48,4.99,scattered clouds
229,Zyryanka,RU,65.75,150.85,68.18,57,81,9.89,broken clouds
230,Igarka,RU,67.4667,86.5833,56.86,84,100,7.05,overcast clouds
231,Maslova Pristan,RU,50.4587,36.7408,67.35,49,83,3.62,broken clouds
232,Gagino,RU,55.2314,45.0339,65.07,64,5,3.78,clear sky
233,Boa Esperanca,BR,-21.09,-45.5658,75.92,32,100,0.16,overcast clouds
234,Hervey Bay,AU,-25.2986,152.8535,60.03,63,0,11.99,clear sky
235,Pisco,PE,-13.7,-76.2167,62.65,77,20,9.22,few clouds
236,San Miguel,SV,13.4833,-88.1833,89.26,78,75,9.22,broken clouds
237,Deputatskiy,RU,69.3,139.9,49.98,89,100,5.06,overcast clouds
238,Zlocieniec,PL,53.5329,16.0113,57.69,72,31,5.28,scattered clouds
239,San Cristobal,VE,7.7669,-72.225,77.18,76,95,3.4,overcast clouds
240,Kajaani,FI,64.2273,27.7285,51.85,87,20,6.91,few clouds
241,Saldanha,ZA,-33.0117,17.9442,53.65,92,25,11.32,scattered clouds
242,Vao,NC,-22.6667,167.4833,71.98,83,4,9.48,clear sky
243,Arman,RU,59.7,150.1667,61.16,65,97,3.18,overcast clouds
244,Zambezi,ZM,-13.5432,23.1047,56.73,34,0,5.59,clear sky
245,Fort Nelson,CA,58.8053,-122.7002,71.19,40,75,10.36,broken clouds
246,Birjand,IR,32.8663,59.2211,70.27,24,0,4.61,clear sky
247,Alva,GB,56.1528,-3.8051,59.67,86,99,7.11,overcast clouds
248,Ilulissat,GL,69.2167,-51.1,44.62,87,100,4.61,overcast clouds
249,Saint Anthony,US,45.0205,-93.218,74.35,74,100,9.22,overcast clouds
250,Aasiaat,GL,68.7098,-52.8699,38.73,93,97,7.07,overcast clouds
251,Palmer,US,42.1584,-72.3287,87.24,77,75,12.66,broken clouds
252,Wau,SS,7.7029,27.9953,69.98,98,94,4.27,moderate rain
253,Nalut,LY,30.3333,10.85,84.07,29,13,15.99,few clouds
254,Ormara,PK,25.2088,64.6357,80.91,88,100,10.13,overcast clouds
255,Tasiilaq,GL,65.6145,-37.6368,42.96,98,100,6.87,moderate rain
256,Englewood,US,39.6478,-104.9878,84.97,46,75,10.36,broken clouds
257,Manjacaze,MZ,-24.7117,33.8828,64.87,79,25,8.63,scattered clouds
258,Bac Lieu,VN,9.285,105.7244,78.06,86,100,7.72,overcast clouds
259,Leticia,CO,-4.2153,-69.9406,78.85,83,40,3.44,heavy intensity rain
260,Asau,RO,46.4333,26.4,63.52,93,0,4.21,clear sky
261,Cascais,PT,38.6979,-9.4215,67.93,66,2,3.0,clear sky
262,La Asuncion,VE,11.0333,-63.8628,85.73,66,5,12.66,clear sky
263,Bestobe,KZ,52.4994,73.0975,61.18,80,98,5.46,overcast clouds
264,Areosa,PT,41.7178,-8.8571,63.32,95,10,1.45,clear sky
265,Ozinki,RU,51.1786,49.6769,72.64,41,34,7.07,scattered clouds
266,Sidi Bin Nur,TN,35.5333,10.9167,82.31,66,0,7.67,clear sky
267,Mabaruma,GY,8.2,-59.7833,76.91,88,84,4.14,broken clouds
268,Lorengau,PG,-2.0226,147.2712,83.28,73,82,8.37,broken clouds
269,Kosa,RU,59.9445,54.9977,68.38,63,98,3.36,overcast clouds
270,Morlaix,FR,48.5833,-4.0,62.06,87,2,8.05,clear sky
271,Alta Gracia,AR,-31.6529,-64.4283,51.89,62,97,4.63,light rain
272,Pokrovsk,UA,48.282,37.1758,71.44,33,2,8.68,clear sky
273,Baykit,RU,61.67,96.37,56.52,86,60,3.24,broken clouds
274,Grand-Santi,GF,4.25,-54.3833,77.77,75,86,1.7,overcast clouds
275,Jalu,LY,29.0331,21.5482,79.7,57,0,11.63,clear sky
276,Atar,MR,20.5169,-13.0499,98.06,28,6,10.02,clear sky
277,Minot,US,48.2325,-101.2963,71.82,56,0,5.75,clear sky
278,Tautira,PF,-17.7333,-149.15,75.11,73,93,22.66,light rain
279,Maceio,BR,-9.6658,-35.7353,72.84,88,20,5.75,few clouds
280,Anadyr,RU,64.75,177.4833,46.9,53,40,20.0,scattered clouds
281,Bwanga,TZ,-3.0308,31.7601,67.73,43,3,4.68,clear sky
282,Zhongshu,CN,24.5167,103.7667,63.37,94,83,0.96,broken clouds
283,Durham,US,36.0335,-78.8664,88.34,72,75,4.61,broken clouds
284,Nha Trang,VN,12.25,109.1833,77.0,89,100,5.75,overcast clouds
285,Ilhabela,BR,-23.7781,-45.3581,69.06,91,100,2.1,overcast clouds
286,Conde,BR,-7.2597,-34.9075,72.86,88,0,4.61,clear sky
287,Ancud,CL,-41.8697,-73.8203,45.23,81,12,2.08,few clouds
288,Billings,US,45.7833,-108.5007,87.3,23,0,9.22,clear sky
289,Murray Bridge,AU,-35.1167,139.2667,51.12,83,0,2.13,clear sky
290,Sestri Levante,IT,44.2732,9.3968,80.51,84,55,3.0,broken clouds
291,Manadhoo,MV,5.7667,73.3833,80.26,82,100,17.63,overcast clouds
292,Arrecife,ES,28.963,-13.5477,73.38,78,20,21.85,few clouds
293,Yulara,AU,-25.2406,130.9889,49.42,43,0,11.12,clear sky
294,Mezen,RU,65.8522,44.24,54.82,77,93,6.89,overcast clouds
295,Miracema Do Tocantins,BR,-9.5618,-48.3967,84.18,29,38,2.28,scattered clouds
296,Aparecida Do Taboado,BR,-20.0867,-51.0936,82.2,29,100,2.86,overcast clouds
297,Luderitz,NA,-26.6481,15.1594,56.66,74,0,9.4,clear sky
298,Andenes,NO,69.3143,16.1194,49.98,87,100,13.8,overcast clouds
299,Seka,TH,17.9285,103.9552,73.31,98,98,4.23,light rain
300,Eureka,US,40.8021,-124.1637,74.68,80,87,5.01,overcast clouds
301,Salalah,OM,17.0151,54.0924,75.29,100,100,2.3,light intensity drizzle
302,Vardo,NO,70.3705,31.1107,48.18,87,100,14.97,overcast clouds
303,Luwuk,ID,-0.9516,122.7875,77.05,87,100,4.05,overcast clouds
304,Geraldton,AU,-28.7667,114.6,50.41,93,3,13.8,clear sky
305,Mocajuba,BR,-2.5842,-49.5072,81.14,67,71,4.72,broken clouds
306,Kirovskiy,RU,45.0917,133.5136,73.15,95,100,5.88,overcast clouds
307,Chuy,UY,-33.6971,-53.4616,47.32,87,14,7.38,few clouds
308,Ulaanbaatar,MN,47.9077,106.8832,51.93,82,40,4.47,scattered clouds
309,Muroto,JP,33.2833,134.15,83.77,77,79,6.87,broken clouds
310,Terrace Bay,CA,48.7834,-87.1,58.17,64,90,5.66,overcast clouds
311,Ndola,ZM,-12.9587,28.6366,56.61,52,1,5.32,clear sky
312,Pevek,RU,69.7008,170.3133,32.43,94,100,16.02,overcast clouds
313,Port Lincoln,AU,-34.7333,135.8667,49.1,73,1,6.64,clear sky
314,Cherskiy,RU,68.75,161.3,46.44,55,95,2.98,overcast clouds
315,Paamiut,GL,61.994,-49.6678,43.18,89,3,18.43,clear sky
316,Sehithwa,BW,-20.4667,22.7167,63.95,32,5,5.66,clear sky
317,Owando,CG,-0.4819,15.8999,76.03,71,97,1.63,overcast clouds
318,Gao,ML,16.6362,1.637,89.62,38,94,18.19,overcast clouds
319,Muros,ES,42.7762,-9.0603,67.68,93,38,1.83,scattered clouds
320,Lavrentiya,RU,65.5833,-171.0,37.92,79,100,17.13,light rain
321,Port Blair,IN,11.6667,92.75,78.84,89,100,6.91,mist
322,Villa Carlos Paz,AR,-31.4241,-64.4978,50.4,44,100,3.0,overcast clouds
323,Vestmannaeyjar,IS,63.4427,-20.2734,51.8,86,81,18.77,broken clouds
324,Sergeyevka,KZ,53.88,67.4158,59.49,84,96,6.93,overcast clouds
325,Cassilandia,BR,-19.1133,-51.7342,81.09,31,99,3.4,overcast clouds
326,Wanning,CN,18.8003,110.3967,80.28,88,100,4.18,overcast clouds
327,Cocorit,MX,27.5833,-109.9667,89.94,51,72,7.16,broken clouds
328,Buala,SB,-8.145,159.5921,83.07,71,98,2.21,moderate rain
329,Moree,AU,-29.4667,149.85,51.87,66,0,8.55,clear sky
330,Drezdenko,PL,52.8383,15.8308,57.27,65,51,4.5,broken clouds
331,Inhambane,MZ,-23.865,35.3833,68.7,84,24,10.13,few clouds
332,Aksarka,RU,66.5606,67.7975,66.54,72,33,7.14,scattered clouds
333,Zemio,CF,5.0314,25.1361,67.44,99,94,3.69,light rain
334,Gongzhuling,CN,43.5008,124.8198,65.98,89,11,5.35,few clouds
335,Nipawin,CA,53.3668,-104.0009,75.24,57,0,12.66,clear sky
336,Esperance,AU,-33.8667,121.9,48.78,85,0,14.52,clear sky
337,Hurth,DE,50.8708,6.8676,63.41,63,0,3.44,clear sky
338,Skjervoy,NO,70.0311,20.9714,50.0,82,100,17.98,light rain
339,Leh,IN,34.1667,77.5833,64.11,56,47,4.63,scattered clouds
340,Kasungu,MW,-13.0333,33.4833,58.95,55,0,3.76,clear sky
341,Kabalo,CD,-6.05,26.9167,77.04,33,5,5.32,clear sky
342,Touros,BR,-5.1989,-35.4608,75.25,79,6,11.86,clear sky
343,Myra,IT,45.4358,12.1348,73.49,72,0,10.36,clear sky
344,Nyurba,RU,63.2842,118.3319,55.31,77,53,2.77,broken clouds
345,Isangel,VU,-19.55,169.2667,82.51,83,75,4.61,broken clouds
346,Acapulco,MX,16.8634,-99.8901,85.82,70,75,11.5,broken clouds
347,Hun,LY,29.1268,15.9477,81.95,37,0,7.61,clear sky
348,Boqueron,PR,18.0269,-67.1691,85.14,77,22,1.01,few clouds
349,Belyy Yar,RU,53.6039,91.3903,46.29,87,0,0.0,clear sky
350,Pemangkat,ID,1.1667,108.9667,76.46,87,58,8.61,broken clouds
351,Dustlik,UZ,40.5247,68.0358,74.26,31,3,2.01,clear sky
352,Matara,LK,5.9485,80.5353,76.86,88,100,11.63,overcast clouds
353,Murighiol,RO,45.0333,29.1667,73.89,52,9,7.72,clear sky
354,Rio Gallegos,AR,-51.6226,-69.2181,37.45,81,100,14.97,overcast clouds
355,Marienburg,PL,54.0359,19.0266,58.87,78,34,4.74,scattered clouds
356,Saint-Joseph,RE,-21.3667,55.6167,66.58,80,8,6.4,clear sky
357,Dong Hoi,VN,17.4833,106.6,79.32,83,100,6.85,moderate rain
358,Kotaparh,IN,19.15,82.35,71.62,98,100,3.6,overcast clouds
359,Cayenne,GF,4.9333,-52.3333,83.08,1,0,5.75,clear sky
360,Manzil Kamil,TN,35.6248,10.6673,81.84,69,0,9.22,clear sky
361,Caravelas,BR,-17.7125,-39.2481,73.38,78,2,9.26,clear sky
362,Cozumel,MX,20.5083,-86.9458,82.0,89,100,2.3,overcast clouds
363,Verkhnyaya Inta,RU,65.9811,60.3094,67.96,59,1,11.56,clear sky
364,Ahtopol,BG,42.1,27.95,74.59,86,1,11.97,clear sky
365,Orikhove,UA,45.1294,33.6318,73.31,49,0,9.24,clear sky
366,Escarcega,MX,18.6089,-90.7454,70.99,98,100,6.53,overcast clouds
367,Tiksi,RU,71.6872,128.8694,46.74,96,100,2.73,light rain
368,Korla,CN,41.7597,86.1469,81.01,29,5,0.47,clear sky
369,Zhigansk,RU,66.7697,123.3711,52.0,87,63,16.24,broken clouds
370,Rabat,MA,33.9911,-6.8401,71.67,73,75,4.61,broken clouds
371,Dauriya,RU,49.9333,116.8667,54.68,61,4,18.21,clear sky
372,Souillac,MU,-20.5167,57.5167,64.78,94,40,3.44,scattered clouds
373,Richards Bay,ZA,-28.783,32.0377,66.87,93,87,9.75,overcast clouds
374,Kuala Kedah,MY,6.1,100.3,76.98,100,20,2.3,mist
375,Inuvik,CA,68.3499,-133.7218,54.46,66,75,2.3,broken clouds
376,Carbonia,IT,39.1672,8.5222,80.01,80,0,6.4,clear sky
377,Chapais,CA,49.7834,-74.8492,62.38,45,98,5.95,overcast clouds
378,Cascas,PE,-7.4833,-78.8167,68.43,64,56,3.2,broken clouds
379,Tura,IN,25.5198,90.2201,73.8,99,99,6.64,moderate rain
380,Am Timan,TD,11.0297,20.2827,71.46,94,67,6.46,broken clouds
381,Tocopilla,CL,-22.092,-70.1979,60.82,67,5,2.3,clear sky
382,Klaksvik,FO,62.2266,-6.589,54.52,98,99,14.74,overcast clouds
383,Torres,BR,-29.3353,-49.7269,60.82,95,100,6.71,overcast clouds
384,Khilok,RU,51.3674,110.4676,49.8,74,0,5.46,clear sky
385,Silver City,US,32.7701,-108.2803,89.56,32,40,7.0,scattered clouds
386,Maniitsoq,GL,65.4167,-52.9,40.1,94,100,2.86,overcast clouds
387,Rohru,IN,31.2167,77.75,66.24,84,100,2.84,overcast clouds
388,Harbour Breton,CA,47.4833,-55.7983,65.08,99,99,11.41,overcast clouds
389,Tahoua,NE,14.8888,5.2692,89.29,51,84,13.56,broken clouds
390,Tiznit,MA,29.5833,-9.5,77.68,27,0,3.76,clear sky
391,Daru,PG,-9.0763,143.2092,78.66,87,68,16.22,broken clouds
392,Mossendjo,CG,-2.9506,12.7261,68.47,72,6,3.69,clear sky
393,Poddorye,RU,57.4695,31.1156,52.25,81,19,1.79,few clouds
394,Tarbes,FR,43.25,0.1667,70.27,64,0,3.44,clear sky
395,Luan,CH,46.3592,6.9759,59.63,86,98,3.76,overcast clouds
396,Usvyaty,RU,55.7456,30.7533,51.94,88,1,2.28,clear sky
397,Liberal,US,37.0431,-100.921,100.54,20,0,19.57,clear sky
398,College,US,64.8569,-147.8028,59.58,62,75,9.22,broken clouds
399,Kalmunai,LK,7.4167,81.8167,78.49,70,95,4.27,overcast clouds
400,Mykolayiv,UA,46.9659,31.9974,75.97,35,0,6.67,clear sky
401,Neiafu,TO,-18.65,-173.9833,83.08,74,20,12.66,few clouds
402,Kuminskiy,RU,58.6667,66.5667,60.06,79,43,3.6,scattered clouds
403,Protvino,RU,54.8664,37.2178,63.28,97,100,2.46,light rain
404,Kahului,US,20.8947,-156.47,93.22,38,20,20.71,few clouds
405,Terrace,CA,54.5163,-128.6035,73.31,40,40,18.41,scattered clouds
406,Liuzhou,CN,24.3126,109.3892,80.4,83,71,1.63,broken clouds
407,Vredendal,ZA,-31.6683,18.5012,56.46,76,89,6.58,overcast clouds
408,Kavieng,PG,-2.5744,150.7967,82.31,76,80,13.71,broken clouds
409,Ahuatempan,MX,18.4167,-98.0167,77.81,35,100,18.7,overcast clouds
410,Mayumba,GA,-3.432,10.6554,67.23,90,59,3.29,broken clouds
411,Bousse,BF,12.6606,-1.8922,82.65,61,1,7.67,light rain
412,Mastic Beach,US,40.7668,-72.8521,84.97,81,0,21.0,clear sky
413,Broome,US,42.2506,-75.833,85.62,68,0,9.22,clear sky
414,Opuwo,NA,-18.0607,13.84,64.81,24,12,5.59,few clouds
415,Tazovskiy,RU,67.4667,78.7,56.75,93,23,6.4,few clouds
416,Borogontsy,RU,62.6683,131.1683,58.8,68,13,2.59,few clouds
417,Kiruna,SE,67.8557,20.2251,43.72,87,75,4.61,broken clouds
418,Gat,IL,31.61,34.7642,77.68,66,0,1.25,clear sky
419,Oni,GE,42.5794,43.4425,65.35,88,94,3.96,overcast clouds
420,Pestovo,RU,58.5938,35.8024,50.56,81,91,1.52,overcast clouds
421,Umm Lajj,SA,25.0213,37.2685,89.58,68,100,13.56,overcast clouds
422,Liku,ID,-0.7275,119.8922,74.82,93,100,1.3,moderate rain
423,Kargasok,RU,59.0556,80.8572,52.72,89,21,7.78,few clouds
424,Xuddur,SO,4.1213,43.8894,67.46,75,29,20.62,scattered clouds
425,Maldonado,UY,-34.6667,-54.9167,48.22,90,72,5.73,broken clouds
426,Hanting,CN,36.7708,119.2108,84.6,82,100,4.21,moderate rain
427,Miraflores,MX,19.2167,-98.8083,66.87,69,100,3.42,overcast clouds
428,Rosetta,EG,31.4044,30.4164,78.55,77,0,6.06,clear sky
429,Zhanaozen,KZ,43.3,52.8,77.54,27,84,12.41,broken clouds
430,Beaumont,US,30.0861,-94.1019,91.44,56,0,12.66,clear sky
431,Edd,ER,13.9297,41.6925,90.09,66,99,1.74,light rain
432,Nanjing,CN,32.0617,118.7778,89.51,67,100,4.03,overcast clouds
433,Liverpool,GB,53.4106,-2.9779,61.34,81,0,2.3,clear sky
434,Diamantino,BR,-14.4086,-56.4461,81.61,51,70,3.27,broken clouds
435,Pucara,PE,-15.9803,-71.4606,35.73,36,6,8.32,clear sky
436,Qaqortoq,GL,60.7167,-46.0333,44.73,82,0,5.19,clear sky
437,Shingu,JP,33.7333,135.9833,83.86,77,59,4.52,broken clouds
438,Bocaiuva,BR,-17.1078,-43.815,74.91,32,39,2.01,scattered clouds
439,Kirakira,SB,-10.4544,161.9205,82.24,75,89,8.03,overcast clouds
440,Solano,US,38.2333,-121.9511,93.52,36,0,21.85,clear sky
441,Sabang,ID,5.8933,95.3214,81.48,74,95,18.21,overcast clouds
442,Talara,PE,-4.5772,-81.2719,64.13,82,6,19.04,clear sky
443,Whitehorse,CA,60.7161,-135.0538,58.1,71,75,5.75,broken clouds
444,Hauterive,FR,46.0901,3.4459,68.76,52,0,1.63,clear sky
445,Chengzihe,CN,45.3333,131.0667,69.57,84,86,9.62,overcast clouds
446,Kyrksaeterora,NO,63.2906,9.0891,55.36,80,93,2.86,overcast clouds
447,Tezu,IN,27.9167,96.1667,77.65,88,57,4.27,broken clouds
448,Urumqi,CN,43.801,87.6005,76.15,38,0,4.47,clear sky
449,Necochea,AR,-38.5473,-58.7368,40.55,79,95,6.85,overcast clouds
450,Ankazoabo,MG,-22.2833,44.5167,62.47,59,0,7.18,clear sky
451,Klyuchi,RU,52.2667,79.1667,59.86,80,12,5.84,few clouds
452,Lima,PE,-12.0432,-77.0282,59.25,77,100,11.5,overcast clouds
453,Goma,CD,-1.6792,29.2228,62.74,75,12,0.76,few clouds
454,Madinat Sittah Uktubar,EG,29.8167,31.05,81.27,47,0,7.78,clear sky
455,Samarai,PG,-10.6167,150.6667,80.65,73,52,13.2,broken clouds
456,Portland,US,45.5234,-122.6762,102.94,22,20,12.66,few clouds
457,Cojocna,RO,46.75,23.8333,73.11,69,0,2.3,clear sky
458,Ludvika,SE,60.1496,15.1878,51.6,72,87,3.44,overcast clouds
459,San Quintin,MX,30.4833,-115.95,77.83,71,84,6.71,broken clouds
460,Jimo,CN,36.3897,120.4622,87.58,84,0,6.71,clear sky
461,Sidi Ali,DZ,36.0998,0.4206,74.66,78,0,4.56,clear sky
462,Yinchuan,CN,38.4681,106.2731,77.83,56,81,9.48,broken clouds
463,Horsham,GB,51.064,-0.3272,66.25,71,0,4.61,clear sky
464,Ureki,GE,41.9956,41.7786,69.76,86,66,4.23,broken clouds
465,Santiago Del Estero,AR,-27.7951,-64.2615,64.0,48,76,8.01,broken clouds
466,Puerto Ayacucho,VE,5.6639,-67.6236,79.84,80,24,3.02,moderate rain
467,Port Hardy,CA,50.6996,-127.4199,75.38,60,20,10.36,few clouds
468,Sao Jose Da Coroa Grande,BR,-8.8978,-35.1478,76.28,66,65,9.48,broken clouds
469,Vysokogornyy,RU,50.1167,139.15,62.82,99,100,3.44,light rain
470,Labis,MY,2.385,103.021,74.26,94,49,2.39,scattered clouds
471,Alice Town,BS,25.7167,-79.3,83.57,73,100,14.99,overcast clouds
472,Pangnirtung,CA,66.1451,-65.7125,44.92,85,97,2.46,overcast clouds
473,San Andres,CO,12.5847,-81.7006,84.22,79,75,17.27,broken clouds
474,Havelock,US,34.8791,-76.9013,84.94,77,0,10.36,clear sky
475,Grand Gaube,MU,-20.0064,57.6608,66.38,78,5,3.0,clear sky
476,Lozova,UA,48.8894,36.3176,69.55,40,9,8.03,clear sky
477,Ibra,OM,22.6906,58.5334,86.41,51,20,4.61,few clouds
478,Pahrump,US,36.2083,-115.9839,103.51,20,4,4.0,clear sky
479,Ourem,PT,39.6417,-8.5919,63.32,87,0,4.07,clear sky
480,Mokhsogollokh,RU,61.4681,128.9203,56.01,73,100,7.83,overcast clouds
481,Padang,ID,-0.9492,100.3543,73.45,85,70,3.02,broken clouds
482,Yuksekova,TR,37.5736,44.2872,69.55,35,20,6.91,few clouds
483,Humaita,BR,-7.5061,-63.0208,82.85,59,89,1.86,overcast clouds
484,Bolkhov,RU,53.4433,36.0044,64.11,90,100,10.45,overcast clouds
485,Were Ilu,ET,10.6,39.4333,51.53,95,100,3.44,overcast clouds
486,Lisakovsk,KZ,52.5369,62.4936,65.26,73,100,7.63,overcast clouds
487,Raudeberg,NO,61.9875,5.1352,53.96,59,97,14.74,overcast clouds
488,Kochubey,RU,44.3861,46.5825,77.92,67,100,8.16,overcast clouds
489,Zlynka,RU,52.4267,31.7378,60.64,97,89,6.78,overcast clouds
490,Puerto Escondido,MX,15.85,-97.0667,77.83,69,100,0.0,light intensity drizzle
491,Arcachon,FR,44.5875,-1.0519,75.52,35,0,8.05,clear sky
492,Teguise,ES,29.0605,-13.564,70.02,78,20,21.85,few clouds
493,Ninghai,CN,29.2892,121.4247,79.75,89,93,3.71,overcast clouds
494,Meadow Lake,US,34.8014,-106.5436,89.47,33,50,8.77,scattered clouds
495,Calamar,CO,10.2511,-74.9146,79.45,89,100,6.87,overcast clouds
496,Kavaratti,IN,10.5669,72.642,80.47,84,99,23.17,overcast clouds
497,Montevideo,UY,-34.8335,-56.1674,49.71,78,40,15.01,scattered clouds
498,Rundu,NA,-17.9333,19.7667,60.46,32,0,4.25,clear sky
499,Uni,RU,57.7535,51.4923,69.03,68,83,1.36,broken clouds
500,Cooma,AU,-36.2333,149.1333,38.97,93,100,6.91,overcast clouds
501,Ternate,ID,0.8,127.4,79.95,78,92,1.88,light rain
502,Pak Chong,TH,14.708,101.4161,73.11,95,100,5.59,light rain
503,Bombay,IN,19.0144,72.8479,78.78,94,75,0.0,haze
504,Riberalta,BO,-10.9833,-66.1,82.6,74,75,0.0,broken clouds
505,Usinsk,RU,65.9939,57.5281,64.9,66,0,11.77,clear sky
506,Bektemir,UZ,41.2097,69.3342,77.79,25,2,2.84,clear sky
507,Oktyabrskiy,RU,54.4815,53.471,68.95,67,98,3.71,overcast clouds
508,Kodinsk,RU,58.6881,99.1844,55.15,93,76,2.89,broken clouds
509,Kloulklubed,PW,7.0419,134.2556,77.5,78,100,14.43,overcast clouds
510,Port Hedland,AU,-20.3167,118.5667,53.65,50,0,5.75,clear sky
511,Marawi,PH,7.9986,124.2928,69.71,94,86,2.71,overcast clouds
512,Salta,AR,-24.7859,-65.4117,60.58,63,75,10.36,broken clouds
513,Kihei,US,20.785,-156.4656,93.22,38,20,20.71,few clouds
514,Antsla,EE,57.8256,26.5406,57.83,74,100,3.24,overcast clouds
515,Port Macquarie,AU,-31.4333,152.9167,60.89,70,36,12.86,scattered clouds
516,Nizwa,OM,22.9333,57.5333,87.46,53,45,0.94,scattered clouds
517,Kargopol,RU,61.5071,38.9456,50.5,87,91,4.85,overcast clouds
518,Tabuk,PH,17.4189,121.4443,74.68,92,100,3.36,light rain
519,Warwick,US,41.7001,-71.4162,89.55,72,40,13.8,scattered clouds
520,Okha,RU,53.5739,142.9478,55.06,96,100,16.42,overcast clouds
521,Garden City,US,42.3256,-83.331,84.45,70,75,6.91,broken clouds
522,Manjeri,IN,11.1167,76.1167,74.08,94,100,6.91,mist
523,Playa Vicente,MX,17.8333,-95.8167,79.39,87,72,4.18,broken clouds
524,Kruisfontein,ZA,-34.0033,24.7314,57.88,92,87,10.6,moderate rain
525,Keskin,TR,39.6731,33.6136,67.33,54,45,7.23,scattered clouds
526,Palamos,ES,41.8484,3.1291,76.28,51,90,1.99,overcast clouds
527,Kemri,IN,28.8167,79.2167,79.72,80,100,4.61,overcast clouds
528,Kashi,CN,39.4547,75.9797,78.01,41,75,2.24,broken clouds
529,Phonhong,LA,18.5007,102.4166,73.94,98,100,1.19,overcast clouds
530,Aguimes,ES,27.9054,-15.4461,70.66,83,20,27.63,few clouds
531,Camocim,BR,-2.9022,-40.8411,78.44,78,61,17.87,broken clouds
532,Altamira,BR,-3.2033,-52.2064,81.27,62,100,3.94,overcast clouds
533,Chernyshevskiy,RU,63.0128,112.4714,47.91,96,100,1.5,overcast clouds
534,Mount Isa,AU,-20.7333,139.5,62.37,29,0,11.5,clear sky
535,Aitape,PG,-3.1374,142.3475,79.84,85,84,5.1,broken clouds
536,Shoreline,US,47.7557,-122.3415,92.77,42,0,10.36,clear sky
537,Guanica,PR,17.9716,-66.908,86.97,79,21,16.35,few clouds
538,Mahabad,IR,36.7631,45.7222,75.96,33,0,8.81,clear sky
539,Sozimskiy,RU,59.7418,52.2482,66.85,75,93,3.69,overcast clouds
540,Mitsamiouli,KM,-11.3847,43.2844,75.15,69,4,5.79,clear sky
541,Puerto Penasco,MX,31.3167,-113.5333,86.92,75,8,11.01,clear sky
542,Beloha,MG,-25.1667,45.05,60.31,93,0,6.29,clear sky
543,Ahipara,NZ,-35.1667,173.1667,59.2,82,10,9.19,clear sky
544,Miles City,US,46.4083,-105.8406,81.57,36,0,3.44,clear sky
545,Alofi,NU,-19.0595,-169.9187,82.29,65,8,13.8,clear sky
546,Meulaboh,ID,4.1363,96.1285,75.78,88,90,3.4,overcast clouds
547,Pareora,NZ,-44.4871,171.2132,44.19,46,100,12.46,overcast clouds
548,Kivertsi,UA,50.8343,25.4582,57.9,76,42,7.23,scattered clouds
549,Yaan,NG,7.3833,8.5667,73.33,93,87,5.91,light rain
550,Hobyo,SO,5.3505,48.5268,75.13,84,1,25.43,clear sky
551,Alyangula,AU,-13.8483,136.4192,76.53,65,0,18.32,clear sky
552,Labuhan,ID,-6.8844,112.2051,74.46,87,7,9.1,clear sky
553,Zlobin,HR,45.2924,14.6541,70.9,56,0,5.75,clear sky
554,Varna,BG,43.2167,27.9167,77.14,53,0,10.36,clear sky
555,Almaznyy,RU,48.0448,40.045,71.31,31,19,7.9,few clouds
556,Olavarria,AR,-36.8927,-60.3225,44.02,73,92,7.16,overcast clouds
557,Hazleton,US,40.9584,-75.9746,80.67,87,0,0.0,clear sky
558,Naze,JP,28.3667,129.4833,83.32,75,1,2.73,clear sky
559,Beira,MZ,-19.8436,34.8389,66.54,86,0,6.8,clear sky
560,Katsuura,JP,35.1333,140.3,82.81,80,6,14.47,clear sky
561,Saint-Pierre,RE,-21.3393,55.4781,67.68,70,20,6.91,few clouds
562,Belaya Gora,RU,68.5333,146.4167,61.74,42,64,14.0,broken clouds
563,Mineiros,BR,-17.5694,-52.5511,81.1,26,64,1.34,broken clouds
564,Paramonga,PE,-10.6667,-77.8333,61.93,85,73,12.03,broken clouds
565,Hargeysa,SO,9.56,44.065,71.17,48,40,27.11,scattered clouds
566,Presidencia Roque Saenz Pena,AR,-26.7852,-60.4388,57.97,69,0,6.71,clear sky
567,Innisfail,AU,-17.5333,146.0333,72.7,84,91,9.66,overcast clouds
568,Springbok,ZA,-29.6643,17.8865,39.38,86,28,3.38,scattered clouds
569,Tiruchchendur,IN,8.4833,78.1167,79.61,76,93,12.93,overcast clouds
570,Payo,ID,-3.7508,103.6372,70.59,89,7,1.59,clear sky
571,Hokitika,NZ,-42.7167,170.9667,44.91,62,100,13.31,overcast clouds
572,Belmonte,BR,-15.8631,-38.8828,72.79,75,13,9.26,few clouds
573,Bodden Town,KY,19.2833,-81.25,87.8,71,40,10.36,scattered clouds
574,Mogadishu,SO,2.0371,45.3438,75.36,80,96,18.28,overcast clouds
575,Ketchikan,US,55.3422,-131.6461,63.07,67,75,12.66,broken clouds
576,Carnot,CF,4.9409,15.8665,68.34,98,100,2.68,overcast clouds
577,Qingyuan,CN,23.7,113.0333,82.38,83,80,2.28,broken clouds
578,Bayji,IQ,34.9311,43.487,92.98,15,0,9.78,clear sky
579,Ust-Ilimsk,RU,58.0006,102.6619,53.76,97,94,3.36,overcast clouds
580,Manono,CD,-7.3,27.4167,72.86,29,0,3.44,clear sky
581,Dolores,AR,-36.3132,-57.6792,42.64,81,100,8.41,light rain
582,Cutervo,PE,-6.379,-78.8157,56.44,74,50,3.74,light rain
583,Kaseda,JP,31.4167,130.3167,83.8,77,58,3.29,broken clouds
584,Alugan,PH,12.2188,125.4808,76.62,86,88,2.66,overcast clouds
585,Gwanda,ZW,-20.9333,29.0,61.07,33,0,6.31,clear sky
586,Biu,NG,10.6129,12.1946,69.17,96,96,6.17,moderate rain
587,Srandakan,ID,-7.9386,110.2506,74.64,86,91,3.89,overcast clouds
588,Harqalah,TN,36.0303,10.509,82.26,61,0,6.91,clear sky
589,Comodoro Rivadavia,AR,-45.8667,-67.5,40.86,87,100,8.05,light intensity drizzle rain
590,Seymchan,RU,62.8833,152.4333,72.79,59,42,4.74,scattered clouds
591,Atambua,ID,-9.1061,124.8925,72.19,78,39,3.91,scattered clouds
592,Balkhash,KZ,46.844,74.9804,73.13,40,96,10.36,overcast clouds
593,Poum,NC,-20.2333,164.0167,74.97,81,4,13.67,clear sky
594,Buchmany,UA,51.0689,28.0421,55.54,90,39,5.82,scattered clouds
595,Colquechaca,BO,-18.6667,-66.0167,32.81,15,89,2.44,overcast clouds
596,Sawakin,SD,19.1059,37.3321,90.07,53,100,13.24,overcast clouds
597,Severo-Yeniseyskiy,RU,60.3725,93.0408,51.15,93,47,1.79,scattered clouds
598,Tonstad,NO,58.6626,6.7169,54.43,99,96,3.15,overcast clouds
599,Christchurch,NZ,-43.5333,172.6333,44.91,70,40,4.61,scattered clouds
600,Sur,OM,22.5667,59.5289,86.56,62,50,5.75,scattered clouds
601,Srednekolymsk,RU,67.45,153.6833,60.85,35,91,14.67,overcast clouds
602,Tizapan El Alto,MX,20.1667,-103.0667,71.65,72,69,3.31,broken clouds
603,Urdoma,RU,61.7533,48.5442,62.33,99,32,5.77,scattered clouds
604,Batamshinskiy,KZ,50.5594,58.2747,65.62,67,55,9.06,broken clouds
605,Road Town,VG,18.4167,-64.6167,84.29,83,40,12.66,scattered clouds
606,Bay City,US,43.5945,-83.8889,82.51,75,0,10.36,clear sky
607,Gouyave,GD,12.1646,-61.7296,81.37,78,20,5.75,few clouds
608,Nowy Tomysl,PL,52.3195,16.1284,61.09,57,65,5.48,broken clouds
609,Carsamba,TR,41.1989,36.7219,74.79,94,20,4.61,few clouds
610,Tabas,IR,33.5959,56.9244,89.82,19,0,4.61,clear sky
611,Pochutla,MX,15.7432,-96.4661,82.22,70,100,6.04,overcast clouds
612,Covington,US,39.0837,-84.5086,89.42,73,0,8.05,clear sky
613,Mehamn,NO,71.0357,27.8492,49.95,87,100,9.22,light rain
614,Robe,AU,-37.1833,139.75,47.34,85,16,10.58,few clouds
615,Islamkot,PK,24.6997,70.177,86.43,74,89,5.46,overcast clouds
616,Turkistan,KZ,43.0,68.0,76.28,36,60,2.17,broken clouds
617,Chifeng,CN,42.2683,118.9636,69.33,51,100,2.8,overcast clouds
618,Quemado De Guines,CU,22.7853,-80.2536,84.42,66,40,14.0,scattered clouds
619,Lewisporte,CA,49.2499,-55.0482,76.71,79,95,14.05,overcast clouds
620,Thap Than,TH,15.4606,99.8917,79.72,95,100,3.31,light rain
621,Svetlyy,RU,54.675,20.1347,55.96,77,50,2.51,scattered clouds
622,Trairi,BR,-3.2778,-39.2689,77.81,82,4,12.41,clear sky
623,Alghero,IT,40.5589,8.3181,77.09,94,0,3.44,clear sky
624,Falam,MM,22.9167,93.6833,62.71,99,87,1.57,overcast clouds
625,Kushmurun,KZ,52.4503,64.6311,62.94,76,82,9.24,broken clouds
626,San Ramon,US,37.7799,-121.978,86.27,53,0,17.27,clear sky
627,Magadan,RU,59.5667,150.8,59.04,69,93,4.32,overcast clouds
628,Zlitan,LY,32.4674,14.5687,80.02,76,0,4.9,clear sky
629,Matamoros,MX,25.5333,-103.25,93.31,22,75,9.22,broken clouds
630,Synevyr,UA,48.4875,23.6258,56.03,96,37,5.08,scattered clouds
631,Sampit,ID,-2.5333,112.95,71.31,94,69,1.01,broken clouds
632,Barpathar,IN,26.3,93.8667,78.49,95,53,1.32,broken clouds
633,Tambacounda,SN,13.7539,-13.7586,84.25,89,40,2.3,thunderstorm
634,Nantucket,US,41.2835,-70.0995,82.51,89,0,13.8,clear sky
635,Antofagasta,CL,-23.65,-70.4,56.48,68,3,8.48,clear sky
636,Pyapon,MM,16.2833,95.6833,75.49,96,100,6.98,moderate rain
637,Tallahassee,US,30.4383,-84.2807,79.86,78,75,5.75,broken clouds
638,Coahuayana,MX,18.7333,-103.6833,87.17,63,66,5.95,broken clouds
639,Kosai,JP,34.7105,137.5316,83.59,74,40,3.98,scattered clouds
640,Sao Gabriel Da Cachoeira,BR,-0.1303,-67.0892,75.16,92,87,1.1,overcast clouds
641,Ishigaki,JP,24.3448,124.1572,86.13,79,40,9.22,scattered clouds
642,Sisimiut,GL,66.9395,-53.6735,40.06,97,100,5.68,overcast clouds
643,Sola,VU,-13.8833,167.55,79.81,76,17,6.44,few clouds
644,Waipawa,NZ,-41.4122,175.5153,48.13,95,100,17.27,light rain
645,Lethem,GY,3.3803,-59.7968,81.37,70,78,2.86,broken clouds
646,Madras,IN,13.0878,80.2785,84.18,78,75,9.22,light rain
647,Wad Rawah,SD,15.1603,33.1397,80.62,67,71,10.96,broken clouds
648,Sumbe,AO,-11.2061,13.8437,66.92,89,57,7.4,broken clouds
649,Baijiantan,CN,45.6333,85.1833,80.83,31,1,9.69,clear sky
650,Mathbaria,BD,22.2876,89.9593,80.02,89,100,8.61,light rain
651,Bani,DO,18.2833,-70.3333,82.85,70,99,14.61,overcast clouds
652,Tsabong,BW,-26.0217,22.401,57.06,39,5,13.13,clear sky
653,Villa Rosario,PA,8.7833,-79.8667,81.36,89,100,2.84,overcast clouds
654,Hofn,IS,64.2539,-15.2082,52.16,89,99,16.46,overcast clouds
655,Belinskiy,RU,52.9647,43.4165,66.09,52,32,5.23,scattered clouds
656,Kaoma,ZM,-14.7833,24.8,55.63,38,0,6.08,clear sky
657,Wajima,JP,37.4,136.9,86.68,74,0,12.66,clear sky
658,Lagos,NG,6.5833,3.75,77.32,85,74,6.35,broken clouds
659,Manokwari,ID,-0.8667,134.0833,81.23,69,100,1.59,overcast clouds
660,Talakan,RU,50.3167,130.3667,62.11,89,93,6.62,overcast clouds
661,Bereznik,RU,62.8551,42.7072,52.5,92,99,4.32,overcast clouds
662,Deogarh,IN,21.5333,84.7333,76.24,95,51,2.24,broken clouds
663,Teacapan,MX,22.55,-105.75,87.33,63,90,13.13,overcast clouds
664,Banjar,ID,-8.19,114.9675,74.55,89,11,4.14,few clouds
665,Natchez,US,31.5604,-91.4032,91.62,52,20,10.36,few clouds
666,Jijiga,ET,9.35,42.8,65.7,57,65,21.52,broken clouds
667,Gushikawa,JP,26.3544,127.8686,85.62,79,0,0.0,clear sky
668,Areka,ET,7.0667,37.7,59.86,87,98,1.92,overcast clouds
669,Northam,GB,51.0333,-4.2167,59.4,79,0,5.28,clear sky
670,Vostok,RU,46.4856,135.8833,65.84,98,100,2.86,overcast clouds
671,Pitsunda,GE,43.1592,40.3378,71.78,76,17,5.41,few clouds
672,Soyo,AO,-6.1349,12.3689,67.86,90,13,4.7,few clouds
673,Baoying,CN,33.2292,119.3092,84.27,79,100,5.66,overcast clouds
674,Ulladulla,AU,-35.35,150.4667,51.6,78,31,9.35,scattered clouds
675,Kutum,SD,14.2,24.6667,74.62,64,66,8.37,broken clouds
676,Chipata,ZM,-13.6333,32.65,58.71,46,0,4.25,clear sky
677,Sao Felix Do Xingu,BR,-6.6447,-51.995,82.69,47,76,1.57,broken clouds
678,Evensk,RU,61.95,159.2333,58.41,78,100,1.21,overcast clouds
679,Ornskoldsvik,SE,63.2909,18.7153,47.35,93,100,3.44,overcast clouds
680,Caohai,CN,26.8661,104.2841,56.88,97,96,4.63,overcast clouds
681,Doka,SD,13.5167,35.7667,70.81,89,99,7.05,overcast clouds
682,Jumla,NP,29.2747,82.1838,59.25,87,87,3.47,overcast clouds
683,Falkenberg,SE,56.9055,12.4912,59.27,87,100,5.48,overcast clouds
684,Warri,NG,5.5167,5.75,75.58,85,92,5.95,overcast clouds
685,Kupang,ID,-10.1667,123.5833,75.92,84,18,5.55,few clouds
686,Chamba,IN,32.5667,76.1333,76.12,89,100,1.99,overcast clouds
687,Bairiki,KI,1.3292,172.9752,86.0,70,20,11.5,few clouds
688,Manzanillo,CU,20.3433,-77.1167,84.58,67,81,2.51,broken clouds
689,Takoradi,GH,4.8845,-1.7554,73.38,80,16,9.98,few clouds
690,Grootfontein,NA,-19.5667,18.1167,60.37,33,19,4.61,few clouds
691,Sidhi,IN,24.4167,81.8833,80.55,79,21,5.93,few clouds
692,Plettenberg Bay,ZA,-34.0527,23.3716,57.81,87,37,11.68,scattered clouds
693,Tosya,TR,41.0155,34.0401,63.61,84,0,2.33,clear sky
694,Amapa,BR,1.0,-52.0,73.09,82,68,4.03,broken clouds
695,Iskateley,RU,67.6803,53.1512,57.79,83,94,9.01,light rain
696,Hovd,MN,48.0056,91.6419,64.72,39,0,5.35,clear sky
697,Hualmay,PE,-11.0964,-77.6139,61.41,84,67,11.97,broken clouds
698,Leningradskiy,RU,69.3833,178.4167,33.17,93,100,21.09,light snow
699,Miramar,US,25.9873,-80.2323,86.0,74,20,13.8,few clouds
700,Hamilton,US,39.1834,-84.5333,88.95,71,0,8.05,clear sky
701,Te Anau,NZ,-45.4167,167.7167,35.73,85,21,6.96,few clouds
702,Goderich,CA,43.7501,-81.7165,77.32,83,100,9.22,overcast clouds
703,Lasa,IT,46.6166,10.7002,65.28,90,92,2.35,overcast clouds
704,Akureyri,IS,65.6835,-18.0878,51.73,82,40,4.61,light intensity drizzle
